cubename	galaxy	ra	dec	Type	a_v	D_ang (arcmin)	D_lin (kpc)	z	d (Mpc)	seeing	Lin Esc (pc)	D_25_B	r/R_25_B	t_e	Incl	PA	A++	ut	bt	vt	rt	it	mabs
SN1970A	IC3476	12h32m41.88s	14d03m01.6s	IB(s)m	0.0961	2.7	10.68	-0.00063	16.5	0.62	49.6	7.59	0.832	9.0	33.99	30		14.564	13.306	12.836	12.6	12.474	-17.451
SN2011jm	NGC4809	12h54m51.06s	02d39m14.7s	Im pec	0.09083	1.8	9.35	0.00324	13.876	0.52	34.98	1.62	0.407	9.0	67.0	11		15.577	14.304	13.784	13.82	14.391	-17.526
SN2005at	NGC6744	19h09m46.10s	-63d51m27.1s	SAB(r)bc	0.11439	25.0	52.68	0.00286	12.244	0.73	43.33	1.74	0.646	4.0	51.63	14	NEW OBJ.	11.46	9.143	9.25	9.2642	7.63	-21.186
SN2006my	NGC4651	12h43m42.63s	16d23m36.2s	SA(rs)c	0.07161	4.73	26.95	0.00259	11.097	0.82	44.11	8.51	0.661	5.0	50.01	80		12.26	11.37	10.816	10.52	9.769	-20.879
SN1990Q	NGC5917	15h21m32.57s	-07d22m37.8s	Sb pec	0.25451	1.62	15.5	0.0064	27.405	0.37	49.16	2.19	0.589	3.0	56.76	75			13.81		13.6961	12.04	-19.268
SN1988E	NGC4772	12h53m29.16s	02d10m06.2s	SA(s)a	0.06758	3.39	26.65	0.0034	14.561	0.71	50.12	2.63	0.501	1.0	66.41	147		14.0	11.894	11.342	10.93	10.713	-20.64
SN2009md	NGC3389	10h48m27.91s	12d31m59.5s	SA(s)c	0.07254	2.9	18.54	0.00431	18.463	0.56	50.13	1.45	0.490	5.0	62.88	112		14.042	12.497	12.037	12.699	12.411	-19.665
NGC5643	NGC5643	14h32m40.74s	-44d10m27.9s	SAB(rs)c	0.44981	6.34	21.09	0.00393	16.835	0.63	51.42	3.24	0.871	5.0	30.11		NEW OBJ.	10.94	10.79	11.494	10.8573	9.037	-21.077
SN2009N	NGC4487	12h31m04.46s	-08d03m14.1s	SAB(rs)cd	0.05735	4.17	20.89	0.00345	14.758	0.73	52.23	4.57	0.676	5.0	48.8	75			11.783	11.45	11.946	10.547	-19.172
NGC1068	NGC1068	02h42m40.71s	-00d00m47.8s	(R)SA(rs)b	0.08959	9.0	27.7	0.00308	13.187	0.85	54.34	3.39	0.851	3.0	32.92	70		9.833	9.743	9.285	8.83	7.49	-20.643
SN1999br	NGC4900	13h00m39.25s	02d30m02.6s	SB(rs)c	0.06324	2.5	15.65	0.00325	13.936	0.87	58.78	2.95	0.933	5.0	21.56			13.576	11.894	11.364	11.13	11.375	-19.205
SN1997dn	NGC3451	10h54m20.89s	27d14m23.1s	Sd	0.05766	1.9	17.37	0.00433	18.561	0.66	59.39	3.39	0.479	7.0	62.75	50		14.645	13.501		12.49	12.707	-19.316
NGC4790	NGC4790	12h54m51.94s	-10d14m52.2s	SB(rs)c	0.12803	1.78	11.84	0.00455	19.487	0.64	60.46	2.76	0.646	5.0	51.2	90			12.407		12.12	11.42	-19.765
SN2001X	NGC5921	15h21m56.56s	05d04m13.9s	SB(r)bc	0.10664	5.3	26.78	0.00493	21.093	0.64	65.45	6.46	0.813	4.0	36.73	130	NEW OBJ.	14.236	11.681	11.021	10.79	11.099	-19.8
NGC5806	NGC5806	15h00m00.40s	01d53m28.7s	SAB(s)b	0.13578	3.16	22.7	0.00474	20.292	0.69	67.88	1.32	0.513	3.0	62.67	170		14.219	12.347	11.647	11.37	10.888	-19.859
SN2012ec	NGC1084	02h45m59.91s	-07d34m42.5s	SA(s)c	0.07099	3.36	18.65	0.00469	20.099	0.72	70.16	3.80	0.562	5.0	57.62	35		11.092	11.182	10.601	10.35	9.583	-20.233
SN2001el	NGC1448	03h44m31.92s	-44d38m41.4s	SAcd edge-on	0.0372	9.16	43.78	0.00372	15.928	0.98	75.67	2.82	0.224	6.0	82.11	41	NEW OBJ.	11.535	11.378	10.935	10.36	9.747	-21.32
SN2001fv	NGC3512	11h04m02.94s	28d02m12.5s	SAB(rs)c	0.07502	1.7	17.21	0.00463	19.833	0.89	85.58	2.14	0.933	5.0	21.56			14.521	13.004	12.294	12.064	11.716	-18.939
NGC7742	NGC7742	23h44m15.73s	10d46m01.5s	SA(r)b	0.14942	2.0	15.0	0.00553	23.692	0.78	89.59	1.18	1.000	3.0	0.0			12.306	12.286	11.576	11.401	11.04	-19.959
SN1978G	IC5201	22h20m57.44s	-46d02m09.1s	SB(rs)cd	0.03224	11.0	35.74	0.00311	13.332	1.4	90.49		0.457	5.0	65.25	33			11.384	11.37	11.6899	10.91	-19.307
SN2012Z	NGC1309	03h22m06.56s	-15d24m00.2s	SA(s)bc	0.10664	2.5	20.46	0.00721	30.891	0.62	92.85	1.18	0.933	4.0	21.69			11.793	11.963	11.58	12.5059	10.606	-20.949
SN2000P	NGC4965	13h07m09.38s	-28d13m41.5s	SAB(s)d	0.20305	3.65	40.96	0.0075	32.116	0.62	96.54	1.78	0.776	7.0	39.7		NEW OBJ.		12.785	12.41	12.6147	19.646	-20.249
NGC2906	NGC2906	09h32m06.22s	08d26m30.4s	Scd	0.12524	2.27	22.79	0.00733	31.393	0.73	111.1	2.63	0.589	6.0	55.22	75		15.355	13.173	13.282	12.358	11.785	-20.399
SN2008aq	MCG-02-33-20	12h50m29.41s	-10d51m15.9s	SB(s)m	0.12028	3.5	32.58	0.0079	33.821	0.71	116.42	3.09	0.457	9.0	63.69		NEW OBJ.	13.151	13.271	12.811	12.59	12.149	-20.365
ASASSN-14lp	NGC4666	12h45m08.59s	-00d27m42.8s	SABc	0.06603	7.16	35.5	0.00508	21.739	1.15	121.2	1.15	0.282	5.0	78.4	42		14.099	11.455	10.749	11.34	9.508	-20.296
NGC5584	NGC5584	14h22m23.77s	-00d23m15.6s	SABc	0.10447	3.5	22.14	0.00551	23.589	1.06	121.23	3.55	0.724	5.0	44.77	140		14.394	12.774		12.362	11.872	-19.878
SN2009mz	NGC5426	14h03m24.85s	-06d04m08.8s	SA(s)c pec	0.07564	3.2	29.92	0.00852	36.502	0.69	122.11	4.17	0.550	5.0	58.51	10	NEW OBJ.	12.617	12.707	12.164	12.76	12.4	-21.045
NGC4603	NGC4603	12h40m55.21s	-40d58m35.0s	SA(s)c	0.44733	4.5	46.53	0.00866	37.067	0.69	124.0	1.41	0.724	5.0	44.77	27		12.682	12.462	11.671	10.96	10.283	-21.326
NGC4981	NGC4981	13h08m48.74s	-06d46m39.1s	SAB(r)bc	0.11346	2.76	18.15	0.00551	23.577	1.11	126.88	1.23	0.741	4.0	43.6	155			12.043	11.41	10.91	10.455	-20.054
NGC4303	NGC4303	12h21m54.90s	04d28m25.1s	SAB(rs)bc	0.05983	6.6	28.07	0.00529	22.66	1.24	136.23	1.41	0.891	4.0	27.79			10.68	10.159	10.254	11.424	9.12	-20.433
SN2009bb	NGC3278	10h31m35.39s	-39d57m16.7s	SA(s)c	0.26257	1.75	20.41	0.00997	42.695	0.66	136.61	3.31	0.708	5.0	46.14	62			13.091	11.78	11.78	11.443	-20.588
NGC3256	NGC3256	10h27m51.27s	-43d54m13.5s	Sbc	0.32643	11.0	119.67	0.00929	39.791	0.75	144.68	3.80	0.562	4.0	58.16	100		12.016	12.096	11.579	10.62	11.9	-21.586
ASASSN-14jb	ESO467-51	22h23m16.61s	-28d58m51.5s	Scd edge-on	0.04774	4.87	26.26	0.00592	25.341	1.21	148.66	1.20	0.091	6.0	90.0	100			14.359		13.83	13.539	-19.256
SN2009ag	ESO492-G2	07h11m40.44s	-26d42m18.2s	SAB(rs)b pec	0.6758	3.56	30.45	0.0087	37.264	0.83	149.95	5.50	0.692	3.0	48.34	143	NEW OBJ.		12.99		11.77	11.33	-21.03
ASASSN-14at	UGC11037	17h55m05.43s	18d15m26.5s	Sdm	0.21917	1.3	20.3	0.01056	45.213	0.69	151.25	3.31	0.162	7.0	87.96				16.0				-18.765
SN1998bw	ESO184-G082	19h35m04.42s	-52d50m38.0s	SBc	0.15345	1.0	11.88	0.0087	37.239	0.86	155.26	2.88	0.85	5.0	32.54				15.18	14.54	14.26	13.91	-17.94
SN2011fh	NGC4806	12h56m12.40s	-29d30m10.6s	SB(s)c	0.23033	1.57	14.29	0.00812	34.78	1.02	171.99	1.00	0.832	5.0	34.5				13.45	21.13	12.52	12.081	-19.685
SN2010F	NGC3120	10h05m23.04s	-34d13m11.8s	SAB(s)bc	0.28985	2.8	24.71	0.00931	39.868	0.91	175.89	2.04	0.708	3.0	46.96	1		13.641	13.511	12.771	12.4	11.616	-19.429
SN2009ig	NGC1015	02h38m11.56s	-01d19m07.3s	SB(r)a	0.08339	3.3	33.69	0.00897	38.421	0.95	176.95		0.977	1.0	13.05	10		14.779	13.351	12.47	12.268	11.06	-19.7
NGC5728	NGC5728	14h42m23.90s	-17d15m11.1s	SAB(r)a	0.27094	3.39	29.86	0.01031	44.138	0.83	177.61	2.24	0.575	1.0	60.04	30		12.522	12.232	11.509	10.73	10.216	-20.822
SN2011ce	NGC6708	18h55m35.64s	-53d43m24.4s	Sb	0.18786	1.42	14.56	0.00864	37.007	0.99	177.62	1.74	0.741	3.0	44.02	167			13.408	12.93	12.4	11.78	-19.941
SN2007le	NGC7721	23h38m48.65s	-06d31m04.3s	SA(s)c	0.08897	3.55	21.47	0.00678	29.046	1.29	181.65	1.91	0.407	5.0	68.85	20		12.091	12.241	11.679	11.878	10.629	-21.407
ASASSN-13cc	NGC1954	05h32m48.33s	-14d03m46.0s	SA(rs)bc pec	0.3875	4.57	59.49	0.01032	44.198	0.86	184.28	1.86	0.525	4.0	60.94			12.612	12.562	12.036	11.65	11.806	-21.685
SN2007S	UGC5378	10h00m31.99s	04d24m25.4s	Sb	0.06882	1.8	31.46	0.01383	59.213	0.71	203.82		0.479	3.0	65.3	103		15.729	14.316		13.907	13.626	-20.046
SN2006D	MCG-01-33-034	12h52m34.71s	-09d46m36.1s	SAB(s)ab pec	0.12183	1.26	12.87	0.00832	35.632	1.23	212.48	1.48	0.676	2.0	50.38				14.165			12.355	-19.421
SN2013cs	ESO576-G017	13h15m12.80s	-17d58m00.4s	SAB(s)d	0.24366	1.91	21.38	0.0094	40.258	1.09	212.74	0.96	0.871	7.0	29.84				14.775		13.99	14.2	-18.766
SN2008fq	NGC6907	20h25m06.63s	-24d48m33.0s	SB(s)bc	0.16926	5.4	50.96	0.01073	45.932	1.0	222.69	1.45	0.813	4.0	36.73	46	NEW OBJ.	11.947	11.917	11.158	10.47	10.138	-21.708
NGC7755	NGC7755	23h47m51.76s	-30d31m19.3s	SB(rs)c	0.04247	5.21	42.97	0.01002	42.892	1.08	224.58	1.70	0.759	5.0	41.66	20		12.512	12.462	11.683	11.11	10.385	-20.668
IRAS05177	ESO362-18	05h19m35.80s	-32d39m27.3s	SB0/a(s) pec	0.04619	1.9	30.5	0.01258	53.864	0.87	227.19	2.76	0.646	-1.0	57.25	160			13.87	13.37	12.73	11.885	-19.89
SN2008aw	NGC4939	13h04m14.39s	-10d20m22.6s	SA(s)bc	0.10819	5.62	59.6	0.01028	44.04	1.09	232.73	2.57	0.513	4.0	61.84	10	NEW OBJ.	12.028	11.888	11.915	10.92	10.183	-21.807
ASASSN-15aj	NGC3449	10h52m53.66s	-32d55m39.4s	SA(s)ab	0.20336	5.33	68.22	0.01093	46.828	1.07	242.92	3.89	0.288	1.0	90.0	148			12.984	12.19	11.65	10.758	-21.326
SN2008J	MCG-02-07-033	02h34m24.51s	-10d50m37.4s	SBbc	0.06014	3.0	56.68	0.01611	68.978	0.74	247.47	2.35	0.363	4.0	73.14				13.895		12.94	12.112	-20.937
SN2009jr	IC1320	20h26m25.66s	02d54m35.0s	SB(s)b	0.35278	1.12	25.2	0.01654	70.854	0.73	250.76	1.26	0.603	3.0	55.65	87			14.443				-20.858
SN2010ev	NGC3244	10h25m28.84s	-39d49m39.2s	SA(rs)cd	0.27652	3.29	27.84	0.00922	39.504	1.34	256.64	2.88	0.741	5.0	43.28	170		12.935	12.935	12.325	11.83	11.455	-20.673
ASASSN-14fd	PGC043070	12h46m14.94s	-40d48m46.8s	S0-a	0.29078	0.74	14.67	0.01591	68.13	0.79	260.94	1.32	0.65	-1.0	56.85				16.83			14.81	-17.783
SN2012ho	MCG-01-57-021	22h40m15.13s	-02d25m26.6s	SB(s)bc pec	0.13919	2.29	23.65	0.00995	42.626	1.28	264.52	1.32	0.575	4.0	57.17				14.25			12.009	-19.069
ASASSN-15db	NGC5996	15h46m58.88s	17d53m03.1s	SBc	0.0899	1.74	20.25	0.01092	46.772	1.23	278.91		0.525	5.0	60.34			14.668	13.21	12.79	13.314	13.049	-21.047
ESO443-21	ESO443-21	12h59m45.90s	-29d36m00.8s	Scd edge-on	0.24335	3.68	42.46	0.00941	40.314	1.43	279.49		0.155	6.0	90.0	162			14.479	13.2	13.3	12.819	-20.15
SN2013aj	NGC5339	13h54m00.27s	-07d55m50.4s	SB(rs)a pec	0.09827	1.95	24.87	0.0091	38.956	1.54	290.85	1.20	0.871	1.0	31.35			14.902	12.825	12.24	12.654	11.265	-20.497
ASASSN-14jg	PGC128348	23h33m12.23s	-60d34m20.1s	Sc	0.03968	0.84	16.43	0.01473	63.102	0.97	296.75	2.35	0.81	5.0	36.78				15.12			13.26	-19.058
NGC7469	NGC7469	23h03m15.62s	08d52m26.4s	(R')SAB(rs)a	0.18569	1.6	27.86	0.01612	69.021	0.91	304.51		0.724	1.0	46.92	125		12.497	12.897	12.594	12.381	12.217	-21.77
SN2006et	NGC0232	00h42m45.82s	-23d33m40.9s	SB(r)a pec	0.05115	1.42	36.92	0.02266	97.026	0.65	305.76	1.74	0.813	1.0	38.07				14.455		12.78		-20.449
SN2005hk	UGC00272	00h27m49.74s	-01d12m00.0s	SAB(s)d	0.06014	1.8	32.26	0.01302	55.766	1.16	313.62	0.85	0.427	7.0	66.32	130		16.172	15.228		14.423	14.043	-19.383
iPTF13dge	NGC1762	05h03m37.03s	01d34m24.0s	SA(rs)c	0.23932	1.86	44.76	0.01584	67.843	0.96	315.76	1.29	0.646	5.0	51.2	175			13.347	12.597		11.196	-21.817
SN2007gj	ESO298-28	02h19m37.61s	-37d49m07.6s	SA(rs)bc	0.062	3.8	78.22	0.01699	72.777	0.91	321.08	1.82	0.457	4.0	66.0	23			13.641		12.45	11.705	-21.223
SN2015H	NGC3464	10h54m40.01s	-21d03m59.9s	Sc	0.14601	3.8	50.07	0.01256	53.804	1.24	323.45	2.24	0.646	5.0	51.2	112		13.018	13.068	12.628	12.612	11.435	-21.119
SN2006bh	NGC7329	22h40m24.22s	-66d28m44.3s	SB(r)b	0.07099	5.5	71.34	0.0109	46.686	1.45	328.19	1.55	0.676	3.0	49.7	107		12.546	12.366	11.702	11.07	10.557	-21.222
SN2012hd	IC1657	01h14m07.02s	-32d39m03.2s	(R)SB(s)bc	0.07068	3.97	52.18	0.01214	52.005	1.32	332.81		0.234	4.0	86.91	170			13.137	12.07	12.02	11.523	-21.39
ASASSN-13bb	UGC1395	01h55m22.04s	06d36m42.6s	SA(rs)b	0.18879	1.7	30.49	0.01717	73.535	0.94	335.12	1.48	0.794	3.0	38.99				14.433	14.5	13.09	12.35	-20.59
SN2002ha	NGC6962	20h47m19.06s	00d19m14.9s	SAB(r)ab	0.26536	3.9	50.16	0.01392	59.603	1.23	355.43	2.09	0.794	1.0	40.07	75	NEW OBJ.	15.282	13.005	11.89	12.039	11.376	-21.284
SN2005Z	NGC3363	10h45m09.46s	22d04m42.6s	Sb	0.07316	1.6	41.79	0.01921	82.25	0.9	358.88	2.09	0.631	3.0	53.41	0		15.369	14.471		12.987	12.504	-20.554
ASASSN-13ar	MCG-01-04-025	01h18m43.17s	-07d27m05.3s	Sa	0.15035	1.35	29.96	0.01764	75.543	0.98	358.92	1.23	0.759	1.0	43.59				15.0			13.325	-19.73
ASASSN-14kr	GALEXASCJ125413.02-073849.5	12h54m13.08s	-07d38m50.1s	Sa	0.09145	0.65	10.62	0.01311	56.155	1.33	362.09	1.48	1.0	1.0	0.0								
SN2008bc	KK1524	09h38m34.11s	-63d58m22.6s	SBb	0.69812	1.63	20.05	0.01479	63.359	1.18	362.46	1.86	0.74	3.0	44.12		NEW OBJ.						
SN2008ff	ESO284-G032	20h13m56.26s	-44d21m04.2s	SB0/a(r)	0.13516	1.85	48.23	0.01921	82.284	0.91	363.02	1.55	1.000	-1.0	0.0				13.7		12.44		-21.174
IC5179	IC5179	22h16m09.10s	-36d50m37.4s	SA(rs)bc	0.05332	3.43	42.16	0.01117	47.834	1.57	364.09		0.479	4.0	64.37	57		12.613	12.613	12.033	11.38	10.735	-21.314
LSQ12fuk	GALEXASCJ045815.88-161800.7	04h58m15.88s	-16d18m00.7s	Sm	0.22134			0.02039	87.334	0.86	364.13	1.23	0.19	9.0	81.65								
SN2001cp	UGC10738	17h11m05.85s	05d51m08.1s	Sbc	0.41664	1.9	60.67	0.02258	96.709	0.78	365.71	1.74	0.166	4.0	90.0	49			15.434			12.872	-21.28
PSNJ07250042+2347030	NGC2370	07h25m01.66s	23d46m59.6s	SBb	0.1612	1.1	26.15	0.01847	79.102	0.97	371.99		0.589	3.0	56.76	43			14.234			12.13	-20.928
SN2004cs	UGC11001	17h50m13.64s	14d17m15.2s	Sdm	0.25544	1.41	22.78	0.01419	60.781	1.3	383.08	2.04	0.355	7.0	71.22	133		15.854	14.322		13.772	13.395	-20.735
SN2009le	ESO478-6	02h09m18.08s	-23d24m54.3s	Sbc	0.04433	2.2	41.64	0.01796	76.935	1.03	384.18	0.98	0.537	4.0	60.04	104			13.208		12.16	11.573	-21.67
PTF11pra	NGC881	02h18m45.27s	-06d38m20.7s	SAB(r)c	0.07533	0.57	38.73	0.01748	74.85	1.06	384.65	1.20	0.661	5.0	50.01	140		13.432	13.232	12.442		11.317	-21.711
ASASSN-14dd	NGC2466	07h45m16.05s	-71d24m37.5s	SA(s)c	0.43648	2.55	61.34	0.01783	76.374	1.06	392.49		0.891	5.0	27.62			13.448	13.718	13.138	12.44	11.975	-21.372
ASASSN-13cp	PGC055442	15h33m48.92s	21d08m10.3s	S0	0.15159	1.51	34.68	0.02364	101.244	0.8	392.68	1.20	0.76	-1.0	45.73			16.08	14.758	14.36	13.484	13.223	-20.714
SN2006ef	NGC809	02h04m18.97s	-08d44m07.1s	(R)S0	0.06262	1.48	33.27	0.01792	76.734	1.06	394.34		0.708	-1.0	51.09			15.856	14.586		13.238	12.645	-20.32
SN2007st	NGC692	01h48m41.99s	-48d38m54.6s	(R')SB(r)bc	0.04433	3.52	96.01	0.02115	90.576	0.9	395.21	1.05	0.871	4.0	30.3				13.07		11.93	11.277	-21.997
ASASSN-14dl	ESO506-4	12h21m49.05s	-24d10m05.8s	SAB(r)ab	0.20584	2.73	48.72	0.01351	57.86	1.42	398.33	1.86	0.513	1.0	65.36	90			13.323	12.47	11.9	11.255	-21.294
SN2014cd	NGC1578	04h23m46.65s	-51d35m58.0s	SA(s)a pec	0.03689	2.38	53.58	0.0207	88.653	0.93	399.72	1.59	0.871	1.0	31.35	177			13.901	13.111	12.48	11.92	-21.033
SN2004ey	UGC11816	21h49m07.29s	00d26m50.4s	SB(rs)c	0.37417	1.62	29.7	0.01588	67.997	1.22	402.18		0.933	5.0	21.56	85		16.226	14.829		14.156	13.575	-20.098
SN2006cm	UGC11723	21h20m17.48s	-01d41m03.6s	Sb edge-on	0.12834	1.95	40.2	0.01651	70.717	1.18	404.56		0.158	3.0	90.0	33		22.589	14.813	14.09	19.345	12.766	-20.599
SN2012bl	ESO234-19	20h23m51.01s	-48d21m31.7s	Sbc edge-on	0.09114	1.99	41.48	0.01868	79.98	1.07	414.9	1.23	0.158	4.0	90.0	69			15.25		14.0	13.55	-20.675
SN2005bg	MCG+03-31-093	12h17m17.23s	16d22m17.4s	Sb	0.08184	0.7	20.42	0.02296	98.332	0.88	419.52	1.51	0.87	3.0	30.68			15.977	15.107		14.146	14.082	-20.252
SN2007bc	UGC06332	11h19m16.62s	20d48m48.8s	(R)SBa	0.05797	1.76	46.72	0.02063	88.37	0.98	419.86	0.96	0.871	1.0	31.35	130		15.688	14.332		12.998	12.637	-20.733
PTF11qnr	NGC7364	22h44m24.37s	-00d09m43.5s	S0/a pec	0.17236	1.78	36.52	0.01629	69.753	1.27	429.48	1.12	0.603	-1.0	61.51	65		15.092	13.356		12.401	12.02	-21.328
SN2009aa	ESO570-G020	11h23m40.96s	-22d16m13.8s	Sc	0.09145	1.0	33.16	0.02724	116.679	0.76	429.91	1.45	0.62	5.0	53.23				15.065			13.335	-20.847
SN2009J	IC2160	05h55m28.56s	-76d55m12.9s	(R')SB(s)c pec	0.23498	3.3	53.67	0.01579	67.603	1.39	455.57		0.398	5.0	69.5	108			13.853	13.113	12.7	12.043	-21.114
ASASSN-14iz	ESO462-G009	20h21m51.56s	-31d17m23.1s	(R')SB(r)a	0.18197	1.39	36.16	0.0193	82.657	1.15	460.84		0.759	1.0	43.59	115			14.688	14.7	13.3	12.786	-20.493
SN2008V	NGC1591	04h29m30.55s	-26d42m47.2s	SB(r)ab pec	0.09517	1.75	24.82	0.01387	59.38	1.64	472.13		0.646	1.0	53.93	30			13.688		12.62	12.084	-20.515
ASASSN-15bm	2MASXJ150551.68-053732.2	15h05m51.68s	-05d37m32.9s	Sb	0.21421	0.99	25.38	0.02065	88.417	1.11	475.81	1.55	0.32	3.0	78.67		NEW OBJ.		15.54		14.78		-21.323
ASASSN-15ab	ESO325-G045	14h03m08.54s	-38d28m31.2s	SB(s)d	0.28241	1.5	27.95	0.01778	76.126	1.29	476.1		0.708	7.0	45.66	61			14.34		13.63		-20.724
SN2007as	ESO18-18	09h27m40.44s	-80d10m47.8s	Sb	0.38099	1.0	21.87	0.01705	73.034	1.38	488.63	1.18	0.79	3.0	39.38								
SN2005na	UGC3634	07h01m36.76s	14d08m06.9s	SB(r)a	0.21142	1.26	39.52	0.02634	112.82	0.93	508.68	1.12	0.832	1.0	35.98	135			15.5				-20.327
SN2006br	NGC5185	13h30m02.25s	13d24m57.8s	Sb	0.06107	1.9	63.1	0.02465	105.578	1.01	516.98	1.23	0.363	3.0	74.65	58		16.016	14.475		13.126	12.661	-21.549
SN2014cr	NGC6806	19h37m05.05s	-42d17m46.6s	SAB(rs)c pec	0.23994	2.55	53.73	0.01902	81.466	1.32	521.35		0.631	5.0	52.38	24			13.707	13.187	13.3	13.1224	-21.478
SN2012fw	ESO235-G37	21h01m59.62s	-48d16m27.9s	S0/a	0.0961	1.27	30.21	0.01898	81.304	1.37	540.01		0.46	-1.0	78.04				15.61		14.35	14.215	-19.163
SN2009D	MCG-03-10-052	03h54m24.67s	-19d11m25.1s	Sb	0.13702	1.53	45.71	0.02528	108.246	1.04	545.79		0.44	3.0	68.34				14.845		13.34	13.033	-21.098
SN2004ff	ESO552-G40	04h58m47.06s	-21d34m09.9s	SB(s)ab pec	0.08432	1.94	40.82	0.02258	96.687	1.17	548.44	1.55	0.603	2.0	56.5	50			14.31		13.05	12.206	-21.051
ESO602-G025	ESO602-25	22h31m25.48s	-19d02m04.1s	(R')SB(rs)bc pec	0.12462	1.8	44.15	0.02461	105.381	1.09	556.88		0.490	4.0	63.55	171			14.264	14.3	12.9	12.447	-21.781
SN2001da	NGC7780	23h53m32.17s	08d07m05.3s	Sab	0.15562	1.1	23.67	0.01739	74.464	1.55	559.57		0.537	1.0	63.29	3		15.702	14.824	13.914	13.468	12.92	-20.219
SN2009I	NGC1080	02h45m09.94s	-04d42m38.8s	SAB(s)c	0.08432	1.15	28.54	0.02626	112.444	1.06	577.85		0.724	5.0	44.77			14.52	14.14	13.58	12.857	12.5	-21.5
ASASSN-14ig	ESO113-32	01h16m04.94s	-61d37m19.8s	Sb	0.05456	2.49	90.67	0.02902	124.29	0.99	596.55	1.18	0.295	3.0	81.45	58			14.43		13.0	13.18	-21.92
ASASSN-14co	CGCG023-005	15h57m30.27s	01d06m43.1s	Sc	0.25296	0.7	31.93	0.03331	142.671	0.89	615.6	10.47	0.59	5.0	55.52				15.474			14.11	-20.883
SN2007ai	ESO584-7	16h12m53.36s	-21d37m24.0s	Sc	0.8866	1.7	65.62	0.03171	135.802	0.94	618.88	6.92	0.72	5.0	45.12				14.87		13.66	13.0	-22.52
SN2008bq	ESO308-25	06h41m03.10s	-38d02m08.4s	Sa	0.24056	2.38	78.84	0.0343	146.907	0.9	641.0	2.76	0.3	1.0	90.0				14.86		13.52	12.815	-21.953
SN2008gg	NGC539	01h25m21.73s	-18d09m49.9s	SB(rs)c	0.06014	2.17	87.67	0.03211	137.498	1.04	693.27	9.12	0.851	5.0	32.43	145			14.293	13.623	13.14	14.0	-21.702
ASASSN-14hr	2MASXJ015041.27-143103.2	01h50m41.27s	-14d31m03.1s	Sb	0.04061	1.73	45.41	0.03342	143.121	1.04	721.62	11.22	0.65	3.0	51.86		NEW OBJ.		15.59				-20.434
SN2013fy	ESO287-G040	21h37m28.18s	-47d02m09.0s	(R)SAB(r)bc pec	0.0713	1.57	43.48	0.03104	132.919	1.17	753.96	12.59	0.794	4.0	38.64	119			14.3		13.01		-21.679
SN2011hb	NGC7674	23h27m56.72s	08d46m44.5s	SA(r)bc pec	0.15717	1.15	24.9	0.02907	124.478	1.26	760.39	1.95	0.912	3.0	25.12			14.945	13.976	14.19	13.142	12.801	-21.953
SN2004ef	UGC12158	22h42m10.51s	19d59m49.1s	Sb	0.14167	1.3	44.77	0.03105	132.979	1.19	767.2	1.82	0.912	3.0	25.12			16.097	15.246		13.549	13.144	-20.6
iPTF14ans	2MASXJ150429.74+021959.1	15h04m29.73s	02d19m58.9s	Sbc	0.1364	0.75	32.95	0.03212	137.545	1.18	786.87	4.57	0.68	4.0	48.86		NEW OBJ.	16.268	15.229		14.539	13.984	-21.061
ASASSN-14lv	PGC131788	23h32m07.46s	-41d16m09.6s	Sc	0.05425	0.48	25.76	0.04925	210.943	0.84	859.05	3.09	0.46	5.0	65.04		NEW OBJ.						
SN2005iq	ESO538-13	23h58m31.83s	-18d42m50.5s	Sa	0.05735	1.85	80.32	0.03412	146.119	1.29	913.84	4.17	0.48	1.0	68.27				15.477		14.14	13.475	-21.069
SN2013M	ESO325-43	13h59m57.65s	-37d51m48.9s	SAB(s)c pec	0.2232	2.98	107.42	0.03503	150.016	1.32	960.03	3.39	0.794	5.0	38.37	115			14.4		13.26		-22.072
SN2005gn	ESO488-G30	05h48m48.53s	-24d22m44.6s	Sc	0.08122	1.26	40.09	0.04009	171.704	1.35	1123.8	8.32	0.72	5.0	45.12				14.615		13.58	12.695	-22.006
PSNJ10292799+2200468	UGC5691	10h29m27.49s	22d00m28.6s	Sbc	0.0713	1.1	78.5	0.05451	233.461	1.01	1143.17	2.95	0.78	4.0	39.99			16.508	15.479		14.403	14.118	-21.898
SN2005lu	MCG-03-07-040	02h36m03.63s	-17d15m46.6s	Sbc	0.06758	2.27	85.66	0.03206	137.322	1.79	1191.7		0.5	4.0	62.81				14.5		13.96	13.865	-22.095
SN2006ob	UGC1333	01h51m48.51s	00d15m49.8s	Sb	0.08835	1.5	111.11	0.05925	253.731	1.31	1611.46	7.41	0.794	3.0	38.99	1		17.406	15.549		14.341	13.617	-22.009
NGC0628	NGC0628	01h36m41.75s	15d47m01.2s	SA(s)c	0.18817	12.0	26.16	0.002094	8.968	0.72	31.3	3.72	0.912	5.0	24.76	25			10.0	9.306		8.839	-20.677
CIRCINUS	ESO97-13	14h13m09.95s	-65d20m21.2s	SA(s)b	3.11457	11.54	14.11	0.001514	6.484	1.01	31.75	2.19	0.437	3.0	68.57	40	NEW OBJ.	12.789	12.0	10.559		8.21	-18.866
NGC4984	NGC4984	13h08m57.23s	-15d30m58.7s	(R)SAB0^+(rs)	0.16399	2.76	17.07	0.004235	18.137	0.56	49.24	2.51	0.794	-1.0	42.05	90		12.543	12.0	11.005		9.72	-19.345
NGC3627	NGC3627	11h20m14.96s	12d59m29.5s	SAB(s)b	0.08897	9.33	26.12	0.002657	11.379	0.95	52.41	3.47	0.457	3.0	67.01	173	NEW OBJ.	9.935	10.0	10.312		7.81	-21.21
NGC1365	NGC1365	03h33m36.37s	-36d08m25.4s	SB(s)b	0.05456	14.0	67.44	0.003703	15.859	0.85	65.35	2.63	0.550	3.0	59.81	32		10.518	10.0	10.103		8.38	-21.364
SN2016iae	NGC1532	04h12m04.33s	-32d52m27.2s	SB(s)b pec edge-on	0.0403	22.0	114.47	0.004039	17.298	1.0	83.86		0.263	3.0	86.86	33	NEW OBJ.	10.809	11.0	10.129		8.707	-21.537
SN2016aqf	NGC2101	05h46m24.17s	-52d05m18.7s	IB(s)m pec	0.14632	3.33	11.73	0.003976	17.028	1.06	87.51	3.16	0.646	9.0	50.29	85	NEW OBJ.	13.43	14.0	13.27		12.9	-17.664
SN1992ba	NGC2082	05h41m51.12s	-64d18m04.1s	SB(r)b	0.155	1.95	10.16	0.003961	16.964	1.15	94.58		0.933	3.0	21.87		NEW OBJ.	12651.0	12.751	12.19		10.985	-18.308
SN2017gmr	NGC988	02h35m27.75s	-09d21m22.3s	SB(s)cd	0.07161	5.0	22.22	0.005128	21.962	0.9	95.83	2.69	0.537	5.0	59.46			10.769	11.0	11.205		7.03	-20.869
SN2016X	UGC08041	12h55m12.65s	00d06m59.9s	SB(s)d	0.05859	3.7	16.46	0.004532	19.409	1.03	96.92	2.69	0.603	7.0	53.89	165	NEW OBJ.	15.43	12.938			12.581	-18.526
SN2007bm	NGC3672	11h25m02.47s	-09d47m43.4s	SA(s)c	0.11005	4.27	30.9	0.006298	26.973	0.8	104.61	2.40	0.468	5.0	64.46	12	NEW OBJ.		12.0	11.342		10.215	-20.404
SN2017aym	NGC5690	14h37m41.07s	02d17m27.0s	Sc edge-on	0.10292	3.6	19.68	0.005718	24.489	0.9	106.85	2.04	0.295	5.0	77.31	143	NEW OBJ.		12.0				-20.128
SN2010el	NGC1566	04h20m00.42s	-54d56m16.1s	SAB(s)bc	0.02449	13.0	37.63	0.004717	20.202	1.12	109.69	4.47	0.794	3.0	38.99	60		10.248	10.0	11.008		8.756	-19.164
SN2017ivu	NGC5962	15h36m31.68s	16d36m28.0s	SA(r)c	0.1457	3.2	27.04	0.0066	28.266	0.81	111.0	2.57	0.708	5.0	46.14	110	NEW OBJ.	13.88	12.0	11.504		10.626	-21.019
ASASSN-16at	UGC8041	12h55m12.65s	00d06m59.9s	SBcd	0.05859	3.7	16.46	0.004055	17.367	1.33	111.98	3.39	0.6	5.0	54.77		NEW OBJ.	15.43	13.0			12.581	-18.526
NGC4321	NGC4321	12h22m54.83s	15d49m18.5s	SAB(s)bc	0.07068	8.8	41.53	0.005041	21.589	1.07	111.99	5.37	0.851	3.0	32.92	30		10.895	10.0	9.473		8.657	-21.188
NGC1087	NGC1087	02h46m25.16s	-00d29m55.1s	SAB(rs)c	0.09238	4.0	16.6	0.004942	21.165	1.14	116.98	3.02	0.603	5.0	54.54	5	NEW OBJ.	13.049	12.0	11.019		10.714	-19.601
ASASSN-18cb	IC3896A	12h55m30.63s	-50d04m17.1s	SB(rs)cd pec	0.56048	3.6	29.74	0.006841	29.298	0.84	119.32	1.48	0.759	5.0	41.66	12	NEW OBJ.		13.0	12.31		11.515	-20.436
SN2014dw	NGC3568	11h10m48.57s	-37d26m52.3s	SB(s)c	0.28613	3.82	27.91	0.008145	34.883	0.74	125.15	0.91	0.316	5.0	75.63	7	NEW OBJ.		12.932	12.41		11.376	-20.713
NGC7541	NGC7541	23h14m43.89s	04d32m03.7s	SB(rs)bc pec	0.18011	3.63	32.72	0.009006	38.57	0.68	127.16	3.46	0.355	4.0	73.77	102	NEW OBJ.	12.553	12.0	11.764		10.569	-21.511
SN2018dfg	NGC5468	14h06m34.89s	-05d27m11.2s	SAB(rs)cd	0.06572	2.69	33.32	0.009345	40.022	0.72	139.7	4.27	0.912	5.0	24.76			12.819	13.0	12.055		11.1	-20.636
NGC7541_2	NGC7541_2	23h14m43.89s	04d32m03.7s	SB(rs)bc	0.18011	3.63	32.72	0.009005	38.566	0.75	140.23	2.69	0.355	4.0	73.77		NEW OBJ.						
IC2560	IC2560	10h16m18.72s	-33d33m49.7s	(R')SB(r)b	0.25513	4.7	45.69	0.009723	41.641	0.72	145.36	2.40	0.631	3.0	53.41	45	NEW OBJ.		13.0	12.06		10.788	-20.76
ASASSN-15kz_B	IC4303	13h37m18.22s	-28d39m28.7s	Sb	0.15903	1.28	11.72	0.008044	34.45	0.89	148.65		0.55	3.0	59.81		NEW OBJ.		15.0			14.258	-18.059
NGC4045	NGC4045	12h02m42.24s	01d58m36.5s	Sa	0.05952	3.0	26.95	0.006404	27.427	1.16	154.24		0.692	1.0	49.85	95	NEW OBJ.	14.826	13.0	11.814		11.053	-20.217
SN2016bev	ESO560-G013	07h47m52.05s	-18d44m56.4s	SB(s)bc  	1.02114	5	63.37	0.011026	47.222	0.69	157.97		0.162	4.0	90.0	141	NEW OBJ.						
SN2015an	IC2367	08h24m10.08s	-18d46m32.0s	SB(r)b	0.27249	3.3	26.97	0.008607	36.862	0.93	166.2	2.00	0.708	3.0	46.96	55	NEW OBJ.		13.0	12.05		10.658	-20.222
PSNJ2246050	NGC7371	22h46m03.74s	-11d00m04.1s	(R)SA0/a(r)	0.15438	2.14	19.03	0.009104	38.99	0.88	166.35	1.45	1.000	-1.0	0.0		NEW OBJ.	12.81	13.0	12.019		10.906	-20.575
NGC6925	NGC6925	20h34m20.57s	-31d58m51.2s	SA(s)bc	0.15624	6.51	50.48	0.009326	39.941	0.89	172.34	2.29	0.275	4.0	80.92	5	NEW OBJ.	12.19	12.0	11.349		10.042	-21.797
SN2011jh	NGC4682	12h47m15.49s	-10d03m48.4s	SAB(s)cd	0.09982	2.63	25.27	0.007871	33.71	1.08	176.5	1.91	0.490	5.0	62.88	83	NEW OBJ.		13.0				-19.364
SNhunt327	NGC493	01h22m08.99s	00d56m43.3s	SAB(s)cd edge-on	0.0868	4.3	27.13	0.007716	33.046	1.14	182.64	0.91	0.309	5.0	76.18	58	NEW OBJ.	14.389	13.0	12.483		11.911	-20.079
NGC4254	NGC4254	12h18m49.60s	14d24m59.4s	SA(s)c 	0.10354	6.0	26.52	0.008103	34.703	1.11	186.75	2.29	0.871	5.0	30.11		NEW OBJ.	10.911	10.0	9.841		9.08	-20.6
NGC2207_1	IC2163	06h16m22.03s	-21d22m21.6s	SAB(rs)bc pec	0.23188	6.19	40.11	0.009138	39.136	1.01	191.63	1.95	0.407	4.0	69.74	98	NEW OBJ.		12.0	11.062		9.805	-21.484
SN2016iyz	IC2151	05h52m36.43s	-17d47m14.2s	SB(s)bc	0.19406	1.87	15.94	0.010388	44.489	0.89	191.96		0.603	4.0	55.02	99			14.0			12.6	-19.744
SN2018yo	UGC7840	12h41m10.76s	-01d35m26.0s	SAB(s)d	0.08463	1.0	19.47	0.013339	57.128	0.71	196.64	1.82	0.603	7.0	53.89	75	NEW OBJ.	17.516	16.0			15.289	-18.577
ASASSN-15jp	NGC3157	10h11m42.43s	-31d38m34.3s	SB(s)bc edge-on	0.26753	3.18	30.15	0.009429	40.382	1.05	205.57	2.14	0.214	4.0	90.0	38	NEW OBJ.		14.0			11.945	-20.145
NGC2207_2	NGC2207	06h16m22.03s	-21d22m21.6s	SAB(rs)bc pec	0.23188	6.19	40.11	0.009158	39.221	1.09	207.26	2.35	0.646	4.0	51.63	141			12.0	11.062		9.805	-21.484
NGC7448	NGC7448	23h00m03.59s	15d58m49.2s	SA(rs)bc	0.15004	2.76	19.46	0.007359	31.517	1.36	207.8	1.91	0.457	4.0	66.0	170	NEW OBJ.	11.954	12.0	11.691		10.835	-21.96
SN2017ahn	NGC3318	10h37m15.51s	-41d37m39.2s	SAB(rs)b	0.20677	3.21	35.19	0.009237	39.56	1.11	212.89	2.19	0.525	3.0	61.74	78		12.306	12.0	11.504		10.999	-21.155
SN2017lt	LCSBL0625P	14h19m44.52s	-16d50m17.5s	SB(rs)b	0.27652	0.7	40.56	0.042774	183.19	0.24	213.15	0.91	0.72	3.0	45.91		NEW OBJ.						
ASASSN-15lx	ESO47-G4	20h36m03.38s	-73d06m44.2s	SBm	0.15252	1.42	23.99	0.012669	54.258	0.82	215.7		0.72	9.0	44.38		NEW OBJ.		16.0				-18.279
ASASSN-15tw	MCG-02-33-20_2	12h50m29.41s	-10d51m15.9s	SB(s)m	0.12028	3.5	32.58	0.00816	34.947	1.29	218.56	2.51	0.31	9.0	73.36		NEW OBJ.	13.151	13.0	12.811		12.149	-20.365
ASASSN-15qh	ESO534-G024	22h45m14.74s	-22d43m50.8s	SAB(rs)d	0.07378	2.2	27.8	0.010325	44.219	1.02	218.67	2.63	0.603	7.0	53.89	108	NEW OBJ.		14.0			12.102	-20.168
SN2018ddr	UGC8896	13h58m38.56s	07d12m59.6s	Sb	0.06944	1.5	26.18	0.014655	62.764	0.72	219.09	1.15	0.145	3.0	90.0	71	NEW OBJ.	16.079	15.0			13.954	-20.203
SN2017fvr	UGC3165	04h47m27.41s	23d59m01.3s	IAm	1.82869	3.72	59.17	0.012644	54.151	0.86	225.78	2.82	0.603	9.0	53.51	135			16.0				-21.064
NGC6754	NGC6754	19h11m25.72s	-50d38m30.5s	SB(rs)b	0.18848	3.0	36.61	0.010838	46.416	1.01	227.28	1.86	0.490	3.0	64.45	80			13.0	12.221		11.1	-20.76
PSNJ1828582	NGC6641	18h28m57.37s	22d54m10.8s	SBa	0.3007	1.1	21.74	0.013897	59.517	0.79	227.95	1.82	0.759	1.0	43.59		NEW OBJ.		14.0				-20.391
SN2017fbu	IC211	02h11m08.00s	03d51m09.0s	SAB(s)cd	0.10602	2.6	19.17	0.010987	47.055	1.02	232.69	1.55	0.794	5.0	38.37	45			14.0				-20.044
SN2015ap	IC1776	02h05m15.22s	06d06m24.6s	SB(s)d	0.11129	2.3	32.48	0.011446	49.02	1.0	237.66	0.91	0.977	7.0	12.47		NEW OBJ.		14.0				-19.483
ASASSN-15hs	ESO022-G010	15h33m34.89s	-78d07m25.9s	S0	0.2883	1.87	20.55	0.009095	38.952	1.26	237.94	1.26	0.83	-1.0	37.92		NEW OBJ.		14.0			11.885	-19.552
SN2017fqo	NGC716	01h52m59.68s	12d42m30.5s	SBa	0.14229	2.1	33.0	0.015356	65.766	0.75	239.13	1.55	0.417	1.0	74.25	57		15.426	14.0			12.333	-20.72
SN2017fqk	NGC1137	02h54m02.73s	02d57m43.5s	(R')SA(rs)b	0.2821	2.5	27.34	0.010306	44.138	1.14	243.95		0.617	3.0	54.53	20			13.0	12.84		11.856	-20.534
NGC6769	NGC6769	19h18m22.68s	-60d30m03.9s	SAB(r)b pec	0.16213	6.64	112.29	0.012751	54.609	0.94	248.87	1.38	0.646	3.0	52.19	122	NEW OBJ.		13.0	11.767		10.735	-21.513
SN2014ao	NGC2615	08h34m33.35s	-02d32m48.5s	SB(rs)b	0.08711	2.3	40.82	0.013957	59.774	0.87	252.12	1.26	0.550	3.0	59.81	40	NEW OBJ.		13.0			11.255	-20.94
NGC3393	NGC3393	10h48m23.46s	-25d09m43.4s	(R')SB(rs)a	0.20181	4.0	69.17	0.012461	53.367	0.98	253.56	1.15	0.912	1.0	25.74		NEW OBJ.		13.0	13.085		10.9	-21.01
SN2015W_B	UGC3617	06h57m45.17s	13d34m30.6s	SBab	0.36518	1.15	20.13	0.013427	57.504	0.92	256.49	1.86	1.000	1.0	0.0		NEW OBJ.		16.0				-18.619
ASASSN-16in	ESO422-G19	04h59m30.42s	-28d52m02.7s	Sb	0.03441	1.3	26.76	0.015948	68.301	0.8	264.91	1.48	0.5	3.0	63.67		NEW OBJ.		16.0			14.298	-19.11
ASASSN-16gy	UGC1814	02h21m23.71s	16d33m59.6s	SAB(s)bc	0.38905	2.76	35.61	0.01374	58.845	0.95	271.02	1.00	0.479	3.0	65.3	157	NEW OBJ.		14.0			12.222	-20.937
SN2016bas	ESO163-G11	07h38m05.51s	-55d11m26.8s	SB(s)b edge-on	0.39649	3.0	38.01	0.009479	40.596	1.39	273.57	1.02	0.245	3.0	90.0	3			14.0			11.843	-20.376
ASASSN-15tu	ESO405-G29	22h34m01.66s	-32d23m49.2s	SB(s)c	0.03565	0.77	12.82	0.012321	52.768	1.07	273.73	1.41	0.794	5.0	38.37	64	NEW OBJ.						
SN2017jbj	NGC259	00h48m03.29s	-02d46m31.2s	Sbc edge-on	0.11997	3.0	41.09	0.013708	58.708	0.97	276.09	1.70	0.219	4.0	90.0	140	NEW OBJ.		13.697			11.613	-20.979
SN2015ay	UGC722	01h09m45.70s	13d18m32.0s	SB(s)dm	0.07471	1.95	33.53	0.014221	60.905	0.94	277.56		0.646	7.0	50.63	150	NEW OBJ.		16.0				-18.752
PSNJ0919528	ESO061-G008	09h19m55.43s	-68d54m32.5s	SA(rs)c	0.31248	2.77	36.05	0.011288	48.344	1.19	278.91		0.316	5.0	75.63	108	NEW OBJ.		13.0			12.483	-21205.0
ASASSN-16ba	MCG-03-25-015	09h42m28.99s	-16d58m36.4s	SBa	0.17391	1.62	31.44	0.013858	59.35	0.98	281.98	2.04	0.851	1.0	33.79		NEW OBJ.						
ASASSN-16ai	UGC9450	14h39m45.30s	23d23m47.7s	Sdm	0.08587	1.0	22.62	0.015036	64.395	0.91	284.1		0.126	7.0	90.0	50	NEW OBJ.	17.589	17.0			15.725	-18.6
ASASSN-16jt	ESO344-G021	22h19m49.23s	-40d39m59.8s	Sab	0.03193	1.5	21.66	0.01085	46.468	1.27	286.11	1.78	0.417	1.0	74.25	55	NEW OBJ.		15.0			13.345	-19.053
ASASSN-14dq	UGC11860	21h57m59.70s	24d16m00.0s	Sdm	0.18631	1.62	29.18	0.010476	44.866	1.32	287.12		0.407	7.0	67.68	133	NEW OBJ.		16.0				-18.301
LSQ15xp	MCG-03-30-002	11h32m43.59s	-16d43m56.5s	Sc	0.10168	0.5	8.61	0.012149	52.031	1.14	287.57	1.48	0.78	5.0	39.71		NEW OBJ.		15.0				-18.474
ASASSN-17oj	ESO466-G4	21h44m23.58s	-29d54m26.4s	SB(s)d	0.11811	2.38	49.72	0.018806	80.541	0.75	292.86	1.62	0.851	7.0	32.13		NEW OBJ.		15.0			14.24	-19.819
SN2018evy	NGC6627	18h22m38.92s	15d41m52.8s	(R')SB(s)b	0.52979	1.62	28.51	0.017708	75.839	0.81	297.82	2.00	0.912	3.0	25.12	70	NEW OBJ.		14.0	13.325			-20.945
ASASSN-15ln	UGC546	00h53m42.04s	18d05m48.4s	Sdm	0.12741	1.3	24.5	0.015183	65.025	0.97	305.79		0.447	7.0	64.95	5	NEW OBJ.		16.0				-19.288
SN2018ie	NGC3456	10h54m03.31s	-16d01m39.8s	SB(rs)c	0.18011	1.95	26.93	0.013868	59.393	1.08	310.98	1.78	0.676	5.0	48.8		NEW OBJ.		13.0			11.765	-21.116
ASASSN-15ng	ESO221-G12	13h51m32.50s	-48d05m00.7s	SBm pec	0.38781	2.74	38.72	0.010031	42.96	1.54	320.75	1.05	0.302	9.0	73.89	165	NEW OBJ.		14.0			12.465	-20.621
SN2017fwm	ESO141-32	19h12m53.00s	-60d23m07.8s	Sb	0.15221	1.25	26.9	0.01414	60.558	1.14	334.7	1.23	0.759	3.0	42.36				14.0			12.805	-20.131
PSNJ2241147	NGC7349	22h41m14.90s	-21d47m54.6s	SBb pec	0.07564	1.29	20.27	0.01515	64.884	1.07	336.58		0.457	3.0	67.01	166	NEW OBJ.		15.0			13.593	-19.433
SN2017rt	NGC3836	11h43m29.80s	-16d47m44.0s	Sb pec	0.10726	1.41	24.19	0.011938	51.127	1.39	344.54	1.29	0.933	3.0	21.87				14.0			12.03	-20.284
SN2016P	NGC5374	13h57m29.63s	06d05m49.2s	SB(r)bc	0.07192	1.7	33.99	0.014466	61.954	1.15	345.42	1.51	0.871	4.0	30.3		NEW OBJ.	14.63	14.0			12.428	-20.688
SN2018bl	ESO018-G009	08h24m07.89s	-77d46m57.3s	Sab	0.30752	1.1	26.74	0.017785	76.169	0.95	350.81	2.19	0.83	1.0	36.2		NEW OBJ.		14.0	13.7		12.775	-20.938
ASASSN-16go	WISEAJ130244.00-265627.6	13h02m43.98s	-26d56m27.7s	Sc	0.20987	0.65	15.72	0.016049	68.734	1.08	359.89		0.62	5.0	53.23		NEW OBJ.						
SN2017auf	MCG-02-13-038	05h02m19.29s	-10d21m22.6s	(R')SA(rs)a	0.23591	2.19	33.97	0.013442	57.569	1.29	360.04	1.10	0.437	1.0	72.26							11.795	
SN2003E	ESO485-G004	04h39m11.09s	-24d10m47.4s	Sc	0.12803	2.7	44.92	0.014745	63.149	1.2	367.39	1.78	0.62	5.0	53.23		NEW OBJ.						
SN2017grn	IC1498	23h31m53.65s	-05d00m25.1s	(R')SB(r)a	0.11749	1.86	36.37	0.017369	74.387	1.02	367.85		0.347	1.0	83.27		NEW OBJ.		14.0			11.745	-21.129
GASS109056	WISEAJ090041.86+173718.3	09h00m41.89s	17d37m18.4s	Sc	0.07316	1.13	19.96	0.012983	55.603	1.39	374.7	1.82	0.11	5.0	90.0		NEW OBJ.						
ASASSN-18oa	ESO476-G16	01h30m25.92s	-26d46m48.1s	SB(r)bc	0.04309	2.38	46.31	0.019823	84.897	0.93	382.78	1.51	0.501	4.0	62.73	143	NEW OBJ.		14.0			12.614	-20.941
SN2015bf	NGC7653	23h24m49.36s	15d16m32.1s	Sb	0.1767	1.7	29.72	0.014388	61.62	1.32	394.34	1.07	0.891	3.0	28.03		NEW OBJ.	15.259	13.0	12.744		12.109	-20.985
NGC6935	NGC6935	20h38m20.22s	-52d06m37.6s	(R')SA(r)a	0.09269	3.65	55.37	0.015422	66.049	1.26	403.47		0.851	1.0	33.79			12.991	13.0	11.999		10.446	-21.498
ASASSN-15fi	MRK884	16h31m48.76s	20d24m38.8s	Sc	0.15252	0.59	14.46	0.017249	73.873	1.14	408.29	0.87	0.83	5.0	34.71		NEW OBJ.	16.0	15.0			15.289	-19.522
ASASSN-15fz	NGC5227	13h35m24.56s	01d24m38.1s	(R')SB(r)b	0.06541	2.0	23.39	0.017372	74.4	1.14	411.2		0.851	3.0	32.92	145	NEW OBJ.	15.926	14.0	13.214		12.652	-20.845
SN2018cho	IC4	00h13m26.94s	17d29m11.2s	Sc	0.14973	1.1	23.2	0.016651	71.312	1.2	414.88		0.832	5.0	34.5	10	NEW OBJ.		14.136				-20.719
MASTEROT	UGC12295	23h00m23.71s	01d37m35.5s	SAB(s)cd	0.21266	1.3	22.68	0.01622	69.466	1.32	444.55		0.759	5.0	41.66	95	NEW OBJ.		15.0			13.31	-19.269
ATLAS17hpc	IC4224	13h19m05.05s	-02d30m55.1s	Scd	0.08587	0.97	25.79	0.01842	78.888	1.18	451.3	12.88	0.78	6.0	39.5		NEW OBJ.	16.245	15.0			14.214	-20.544
NGC6975	NGC6975	20h52m26.03s	-05d46m20.3s	SAB(r)bc	0.19995	1.38	36.56	0.02002	85.741	1.09	453.09	1.51	0.851	4.0	32.64		NEW OBJ.	16.117	15.0			13.802	-20.374
NGC7130	NGC7130	21h48m19.52s	-34d57m04.5s	Sa pec	0.07657	2.67	57.51	0.015956	68.336	1.37	453.88	2.14	0.912	1.0	25.74			12.926	13.0	12.722		11.015	-21.537
SN2017ggw	ESO246-21	02h30m27.90s	-43d01m36.7s	(R')SB(r)b	0.06293	3.18	72.43	0.018624	79.762	1.18	456.3		0.603	3.0	55.65	138			13.0	12.676		11.225	-21.364
SN2017dkb	WISEAJ181402.77+215313.1	18h14m02.81s	21d53m13.3s	Sc	0.31124			0.019203	82.242	1.15	458.53	3.39	0.43	5.0	67.19		NEW OBJ.						
SN2016hvu	NGC7316	22h35m56.34s	20d19m20.1s	SBbc	0.12741	1.12	21.94	0.018615	79.723	1.27	490.87	3.55	0.794	4.0	38.64	60	NEW OBJ.	13.486	14.0	13.036			-21.329
ASASSN-15kj	ESO297-G37	01h58m12.85s	-39d32m41.1s	SB(rs)bc edge-on	0.04805	2.61	57.2	0.018517	79.304	1.33	511.35	1.66	0.200	4.0	90.0	64	NEW OBJ.		15.0			12.923	-21.049
SN2017gfh	2MASXJ20032778+0659228	20h03m27.80s	06d59m22.9s	SA(r)c	0.41199	1.4	34.0	0.024611	105.403	1.02	521.23	1.32	0.41	5.0	68.63				16.0				-20.032
HCG21a	NGC1099	02h45m18.02s	-17d42m30.1s	SB(rs)b	0.07502	3.14	81.38	0.025475	109.103	0.99	523.66	2.14	0.331	3.0	77.58	10	NEW OBJ.	14.346	14.0	13.206		11.97	-22.003
SN2017fvf	NGC1285	03h17m53.43s	-07d17m52.1s	(R')SB(r)b pec	0.14508	1.55	26.4	0.017597	75.364	1.52	555.37	1.51	0.724	3.0	45.55	10		14.751	14.0			12.429	-21.428
NGC0863	NGC863	02h14m33.56s	-00d46m00.1s	SA(s)a	0.09486	1.3	34.47	0.026399	113.06	1.08	591.98	1.29	0.933	1.0	22.4			15.365	14.0	13.714		12.146	-21.638
2MASXJ16105891-6055250	WKK6047	16h10m58.93s	-60d55m24.9s	E-S0	0.60233	0.85	21.76	0.018159	77.77	1.61	607.04	1.59	0.63	-1.0	58.83		NEW OBJ.		17.0				-18.681
MRK0618	Mrk618	04h36m22.24s	-10d22m33.8s	SB(s)b pec	0.20088	0.89	40.1	0.035268	151.044	0.85	622.44	4.07	0.759	3.0	42.36					14.51		12.786	
LSQ11ot	2MASXJ05154756+0646413	05h15m47.57s	06d46m41.3s	Sc edge-on	0.49073	0.95	38.35	0.027329	117.043	1.39	788.74	1.29	0.81	5.0	36.78		NEW OBJ.		17.0			14.69	-20.786
SN2017gbv	ESO301-26	03h42m01.37s	-39d19m56.3s	Sbc	0.04309	1.25	66.3	0.042543	182.201	0.97	856.84	2.57	0.19	4.0	90.0				15.0			13.37	-21.781
SN2018anu	CGCG112-011NED02	17h36m16.54s	18d58m25.6s	Sc	0.18817	1.98	57.48	0.039336	168.466	1.14	931.09	5.50	0.52	5.0	60.71		NEW OBJ.						
NGC5236	NGC5236	13h37m00.95s	-29d51m55.5s	SAB(s)c	0.18166	12.9	36.24	0.001711	11.70	1.09	61.83		0.891	5.0	27.62								
Arp10	Arp10	02h18m26.36s	05d39m13.8s	SB(r)c	0.10416	1.5	72.24	0.030381	130.56	1.08	683.61	6.46	0.977	5.0	12.58		NEW OBJ.						
Arp335	Arp335	11h04m23.55s	04d49m43.0s	SA(s)bc	0.12214	2.1	93.89	0.025594	104.27	1.03	520.68	1.35	0.447	4.0	66.74	40	NEW OBJ.						
KISS15m	NGC4098NED1	12h06m03.583s	20d36m29.12s	Sc	0.08587	1.23	41.48	0.02438	112.50	1.05	572.69	2.51	0.68	5.0	48.47		NEW OBJ.						
NGC1385	NGC1385	03h37m28.85s	-24d30m01.1s	SBcd	0.05363	3.4	28.82	0.005000	16.00	0.94	72.92	6.61	0.589	5.0	55.6	165	NEW OBJ.						
NGC2369	NGC2369	07h16m37.73s	-62d20m37.4s	SABab	0.30287	3.5	51.34	0.010807	35.30	0.93	159.16	1.02	0.302	2.0	85.17	178	NEW OBJ.						
SN2005el	NGC1819	05h11m46.14s	05d12m02.2s	SB0	0.30256	1.7	33.72	0.014910	62.28	1.0	301.94	3.39	0.708	-1.0	51.09	120	NEW OBJ.						
SN2005my	ESO302-G027	04h01m51.76s	-41d56m30.8s	SABc	0.02697	1.22	31.45	0.014807	59.16	1.19	341.31	1.15	0.355	5.0	72.65	25	NEW OBJ.						
SN2008bt	NGC3404	10h50m17.98s	-12d06m31.4s	SBab	0.13857	2.1	41.04	0.015364	64.47	1.04	325.06		0.229	1.0	90.0		NEW OBJ.						
SN2009ab	UGC2998	04h16m34.30s	02d45m32.7s	SB(rs)b	0.57164	1.5	24.36	0.011171	49.30	0.98	234.23	1.26	0.891	3.0	28.03		NEW OBJ.						
SN2011gw	IC2200	07h28m17.51s	-62d21m10.5s	SABb	0.49073	1.3	52.94	0.010834	49.91	1.01	244.39	1.02	0.550	3.0	59.81	59	NEW OBJ.						
SN2012U	ESO153-G020	02h06m03.49s	-55d11m36.7s	SB(rs)b	0.07037	1.6	55.08	0.019784	85.78	1.12	465.78		0.617	3.0	54.53	14	NEW OBJ.						
SN2013ct	NGC428	01h12m55.71s	00d58m53.6s	SAB(s)m	0.07595	4.1	18.15	0.003853	12.48	1.24	75.03	0.83	0.759	9.0	41.01	120	NEW OBJ.						
SN2013gy	NGC1418	03h42m16.16s	-04d43m50.7s	SB(s)b	0.14973	1.3	25.48	0.014023	64.96	1.07	336.98	2.82	0.676	3.0	49.7	30	NEW OBJ.						
SN2014eg	ESO154-G010	02h45m08.71s	-55d44m26.1s	SB(r)a	0.07967	2.6	85.23	0.018633	81.11	1.17	460.08	6.03	0.407	1.0	75.29	93	NEW OBJ.						
SN2015F	NGC2442	07h36m23.84s	-69d31m51.0s	SAB(s)bc	0.53847	5.5	47.65	0.004890	21.01	1.23	125.29	1.18	0.891	3.0	28.03		NEW CUBE						
SN2018bsz	2MASXJ16093905-3203443	16h09m39.02s	-32d03m44.1s	S0	0.64201	0.48	22.56	0.026665	119.50	1.1	637.29		1.0	-1.0	0.0		NEW OBJ.						
NGC1433	NGC1433	03h42m01.55s	-47d13m19.5s	SB(r)ab	0.02418	6.5	22.05	0.003589	9.47	0.8	36.73	387.40	0.912	1.0	25.74		NEW CUBE						
MCG-01-24-012	MCG-01-24-012	09h20m46.25s	-08d03m22.1s	SAB(rs)c	0.09176	1.3	37.01	0.019650	91.74	0.38	169.01	80.90	0.562	5.0	57.62		NEW OBJ.						
UGC2936	UGC2936	04h02m48.19s	01d57m57.7s	SB(s)d	1.20435	2.5	36.77	0.012712	42.82	0.99	205.52	150.70	0.269	7.0	77.27	30	NEW OBJ.						
NGC1672	UGC2936	04h45m42.50s	-59d14m49.9s	SB(s)b	0.06231	6.6	30.92	0.004440	11.81	0.44	25.19	396.40	0.832	3.0	35.04	171	NEW CUBE						
SCG0045B_1	NGC247B	00h47m35.15s	-20d25m43.3s	SB(s)b pec	0.04526	1.386	35.73	0.02039	85.72	0.9	374.02	61.40	0.380	3.0	73.2	21	NEW OBJ.						
NGC7552	NGC7552	23h16m10.76s	-42d35m05.1s	SB(s)ab	0.03751	3.4	17.07	0.005365	11.53	1.07	59.81	203.30	0.794	2.0	39.45	1	NEW CUBE						
cartwheel	ESO350-40	00h37m41.11s	-33d42m58.8s	RING	0.02852	1.1	57.69	0.030187	129.64	0.84	527.95	68.90	0.759	int	50.45	128	NEW OBJ.						
Arp144	Arp144	00h06m28.00s	-13d25m06.0s	Int. Double	0.08308	0.8	19.64	0.019347	80.57	1.08	421.86		0.65	int	49.87		NEW OBJ.						
IC719	IC719	11h40m18.51s	09d00m35.6s	S0	0.13547	1.08	10.56	0.006114	27.92	1.2	162.43	75.50	0.309	-1.0	90.0	52	NEW OBJ.						
SCG0045B_2	ESO540-G025	00h47m37.94s	-20d31m10.2s	SB(s)c pec	0.0468	1.35	35.77	0.02089	87.94	1.12	477.51	61.40	0.832	5.0	34.5		NEW OBJ.						
JO204	CGCG008-077	10h13m46.820s	-00d54m51.20s	Sc	0.11005	0.792	45.45	0.04244	192.92	0.87	813.71		0.4	5.0	69.35		NEW OBJ.						
IC214	IC214	02h14m05.59s	05d10m23.7s	Sm	0.11997	0.8	34.36	0.030504	131.03	0.94	597.14	49.90	0.724	9.0	44.04		NEW OBJ.						
NGC4691	NGC4691	12h48m13.63s	-03d19m57.8s	SB0/a(s) pec	0.07378	2.52	17.48	0.003736	21.32	0.57	58.92	169.10	0.813	-1.0	39.91	85	NEW CUBE						
NGC4636	NGC4636	12h42m49.83s	02d41m16.0s	S0-1	0.07409	6.0	33.20	0.003129	16.30	1.06	83.77	361.50	0.776	-1.0	44.02	150	NEW OBJ.						
NGC0940	NGC940	02h29m27.50s	31d38m27.3s	S0	0.23963	1.2	36.39	0.017075	72.14	0.96	335.75	70.50	0.813	-1.0	39.91		NEW OBJ.						